{
    "CO(GT)": {
        "mean": 2.1420314417559356,
        "std": 1.2631153784513578,
        "min": 0.3,
        "max": 6.6
    },
    "PT08.S1(CO)": {
        "mean": 1099.181531535097,
        "std": 209.19875474968268,
        "min": 741.0,
        "max": 1704.0
    },
    "NMHC(GT)": {
        "mean": 217.2562487636224,
        "std": 50.362256637854735,
        "min": 39.0,
        "max": 523.0
    },
    "C6H6(GT)": {
        "mean": 10.029215607524124,
        "std": 7.071720078883588,
        "min": 0.7,
        "max": 34.0
    },
    "PT08.S2(NMHC)": {
        "mean": 938.2806463821756,
        "std": 257.28801535785567,
        "min": 469.14,
        "max": 1641.8600000000006
    },
    "NOx(GT)": {
        "mean": 245.52378555726463,
        "std": 187.05272285200877,
        "min": 21.0,
        "max": 971.010000000002
    },
    "PT08.S3(NOx)": {
        "mean": 833.7290011680603,
        "std": 242.47212958887505,
        "min": 407.0,
        "max": 1651.8600000000006
    },
    "NO2(GT)": {
        "mean": 112.91877805952242,
        "std": 42.879282752750754,
        "min": 28.0,
        "max": 241.0
    },
    "PT08.S4(NO2)": {
        "mean": 1455.382103808589,
        "std": 333.9562171466678,
        "min": 753.0,
        "max": 2349.730000000003
    },
    "PT08.S5(O3)": {
        "mean": 1021.8359830203741,
        "std": 385.4306479572244,
        "min": 343.57,
        "max": 2086.0
    },
    "T": {
        "mean": 18.316007824428166,
        "std": 8.595026398664563,
        "min": 2.3570000000000007,
        "max": 39.2
    },
    "RH": {
        "mean": 49.23803715733971,
        "std": 16.907851613320524,
        "min": 14.9,
        "max": 82.9
    },
    "AH": {
        "mean": 1.0251287258839425,
        "std": 0.3930590888410606,
        "min": 0.28801299999999996,
        "max": 1.960286
    }
}